{"success": true, "tmodel": "div", "opt_c": true, "d1": -1.5529712591459686e-06, "d2": -1.0783625887324744e-12, "cx": 531.0090598690366, "cy": 361.9780079186844, "width": 1072, "height": 712}