{"success": true, "tmodel": "div", "opt_c": true, "d1": -1.7416020481992757e-06, "d2": -5.605012272338025e-12, "cx": 420.6673650644664, "cy": 342.4078469612204, "width": 800, "height": 600}